{
  "get_ui_name": "Arbetsmarknad - Utbildning 2012 - latest, Labour market - Education",
  "data_provider": "SCB",
  "delivered_to_get": "2019-06-20",
  "data_properties": [
    {
      "data_format": "vector",
      "file_format": "shapefile"
    }
  ],
  "license": "FUK (Forskning, utbildning och kulturverksamhet)",
  "contact": {
    "mail": "gis-support@slu.se",
    "twitter": "https://twitter.com/support_get"
  },
  "crs": {
    "type": "name",
    "properties": {
      "name": "urn:ogc:def:crs:EPSG::3006"
    }
  }
}
